{
    "root_group": {
        "groups": {},
        "checks": {
                "Código de respuesta es 200": {
                    "name": "Código de respuesta es 200",
                    "path": "::Código de respuesta es 200",
                    "id": "0ce1737298b7c41a5017129e2269b81f",
                    "passes": 67,
                    "fails": 0
                },
                "Tiempo de respuesta es menor a 300ms": {
                    "fails": 67,
                    "name": "Tiempo de respuesta es menor a 300ms",
                    "path": "::Tiempo de respuesta es menor a 300ms",
                    "id": "69391bb2807df9f7aec6ee89628b827d",
                    "passes": 0
                }
            },
        "name": "",
        "path": "",
        "id": "d41d8cd98f00b204e9800998ecf8427e"
    },
    "metrics": {
        "checks": {
            "passes": 67,
            "fails": 67,
            "value": 0.5
        },
        "vus": {
            "value": 17,
            "min": 17,
            "max": 50
        },
        "data_received": {
            "count": 9923344339,
            "rate": 165382799.34708744
        },
        "http_req_tls_handshaking": {
            "avg": 0,
            "min": 0,
            "med": 0,
            "max": 0,
            "p(90)": 0,
            "p(95)": 0
        },
        "vus_max": {
            "value": 50,
            "min": 50,
            "max": 50
        },
        "http_req_duration{expected_response:true}": {
            "med": 28399.3461,
            "max": 52331.7312,
            "p(90)": 44179.98572,
            "p(95)": 47039.64335,
            "avg": 26967.069738805974,
            "min": 1234.6727
        },
        "http_req_connecting": {
            "avg": 0.6083328358208953,
            "min": 0,
            "med": 0.5298,
            "max": 2.1729,
            "p(90)": 1.5552,
            "p(95)": 1.5552
        },
        "http_req_waiting": {
            "max": 46592.3716,
            "p(90)": 39466.22672,
            "p(95)": 42115.80394,
            "avg": 21770.20933731344,
            "min": 929.1222,
            "med": 20311.0612
        },
        "http_req_blocked": {
            "avg": 2.769876119402983,
            "min": 0,
            "med": 3.032,
            "max": 5.0163,
            "p(90)": 4.5913,
            "p(95)": 5.0163
        },
        "data_sent": {
            "count": 10057,
            "rate": 167.6103092076384
        },
        "iteration_duration": {
            "avg": 27708.289490909094,
            "min": 2239.9761,
            "med": 28996.29235,
            "max": 53332.6315,
            "p(90)": 44820.50235,
            "p(95)": 48060.872475
        },
        "http_reqs": {
            "count": 67,
            "rate": 1.1166243131064706
        },
        "http_req_failed": {
            "passes": 0,
            "fails": 67,
            "value": 0
        },
        "iterations": {
            "count": 66,
            "rate": 1.0999582785824933
        },
        "http_req_duration": {
            "avg": 26967.069738805974,
            "min": 1234.6727,
            "med": 28399.3461,
            "max": 52331.7312,
            "p(90)": 44179.98572,
            "p(95)": 47039.64335
        },
        "http_req_sending": {
            "avg": 5050.367591044777,
            "min": 0,
            "med": 0,
            "max": 30321.0953,
            "p(90)": 24102.51834,
            "p(95)": 27339.156959999997
        },
        "http_req_receiving": {
            "avg": 146.4928104477612,
            "min": 88.3738,
            "med": 152.8151,
            "max": 305.5505,
            "p(90)": 188.96256,
            "p(95)": 196.01458
        }
    }
}